Model,Impressions_Test_R2,Impressions_Test_MAE,Impressions_Test_MAPE,Engagement_Test_R2,Engagement_Test_MAE,Engagement_Test_MAPE,Engagement_Rate_MAPE,Avg_Test_R2,Impressions_Overfitting,Engagement_Overfitting
Random Forest MultiOutput,0.16544863943158794,239241.21430630452,54.81172575693415,0.28289512304092723,17339.235688743505,60.33177949537123,27.160594885248095,0.2241718812362576,0.21841183377788298,0.14975954806410574
LightGBM MultiOutput,0.155951275009525,239974.38548237062,57.221962723033485,0.23926968661706027,17882.18121379915,65.0630977082251,28.526753839479984,0.19761048081329263,0.3183482775227374,0.2678491248521566
XGBoost MultiOutput,0.143330302377761,244733.89187500003,58.07300654460762,0.24511356387929395,18150.454669189454,66.90656324074439,27.633348190495795,0.19422193312852748,0.3588223855389532,0.3086039568772442
